port,state,service,product,version,latency_ms,banner
1,filtered,,,,,
2,filtered,,,,,
3,filtered,,,,,
4,filtered,,,,,
5,filtered,,,,,
6,filtered,,,,,
7,filtered,,,,,
8,filtered,,,,,
9,filtered,,,,,
10,filtered,,,,,
11,filtered,,,,,
12,filtered,,,,,
13,filtered,,,,,
14,filtered,,,,,
15,filtered,,,,,
16,filtered,,,,,
17,filtered,,,,,
18,filtered,,,,,
19,filtered,,,,,
20,filtered,,,,,
21,filtered,,,,,
22,open,ssh,OpenSSH,6.6.1p1,170.79,SSH-2.0-OpenSSH_6.6.1p1 Ubuntu-2ubuntu2.13
23,filtered,,,,,
24,filtered,,,,,
25,filtered,,,,,
26,filtered,,,,,
27,filtered,,,,,
28,filtered,,,,,
29,filtered,,,,,
30,filtered,,,,,
31,filtered,,,,,
32,filtered,,,,,
33,filtered,,,,,
34,filtered,,,,,
35,filtered,,,,,
36,filtered,,,,,
37,filtered,,,,,
38,filtered,,,,,
39,filtered,,,,,
40,filtered,,,,,
41,filtered,,,,,
42,filtered,,,,,
43,filtered,,,,,
44,filtered,,,,,
45,filtered,,,,,
46,filtered,,,,,
47,filtered,,,,,
48,filtered,,,,,
49,filtered,,,,,
50,filtered,,,,,
51,filtered,,,,,
52,filtered,,,,,
53,filtered,,,,,
54,filtered,,,,,
55,filtered,,,,,
56,filtered,,,,,
57,filtered,,,,,
58,filtered,,,,,
59,filtered,,,,,
60,filtered,,,,,
61,filtered,,,,,
62,filtered,,,,,
63,filtered,,,,,
64,filtered,,,,,
65,filtered,,,,,
66,filtered,,,,,
67,filtered,,,,,
68,filtered,,,,,
69,filtered,,,,,
70,filtered,,,,,
71,filtered,,,,,
72,filtered,,,,,
73,filtered,,,,,
74,filtered,,,,,
75,filtered,,,,,
76,filtered,,,,,
77,filtered,,,,,
78,filtered,,,,,
79,filtered,,,,,
80,open,http,Apache,2.4.7,171.88,"HTTP/1.1 200 OK Date: Sun, 28 Jun 2026 12:21:29 GMT Server: Apache/2.4.7 (Ubuntu) Accept-Ranges: bytes Vary: Accept-Encoding Connection: close Content-Type: text/html"
81,filtered,,,,,
82,filtered,,,,,
83,filtered,,,,,
84,filtered,,,,,
85,filtered,,,,,
86,filtered,,,,,
87,filtered,,,,,
88,filtered,,,,,
89,filtered,,,,,
90,filtered,,,,,
91,filtered,,,,,
92,filtered,,,,,
93,filtered,,,,,
94,filtered,,,,,
95,filtered,,,,,
96,filtered,,,,,
97,filtered,,,,,
98,filtered,,,,,
99,filtered,,,,,
100,filtered,,,,,
101,filtered,,,,,
102,filtered,,,,,
103,filtered,,,,,
104,filtered,,,,,
105,filtered,,,,,
106,filtered,,,,,
107,filtered,,,,,
108,filtered,,,,,
109,filtered,,,,,
110,filtered,,,,,
111,filtered,,,,,
112,filtered,,,,,
113,filtered,,,,,
114,filtered,,,,,
115,filtered,,,,,
116,filtered,,,,,
117,filtered,,,,,
118,filtered,,,,,
119,filtered,,,,,
120,filtered,,,,,
121,filtered,,,,,
122,filtered,,,,,
123,filtered,,,,,
124,filtered,,,,,
125,filtered,,,,,
126,filtered,,,,,
127,filtered,,,,,
128,filtered,,,,,
129,filtered,,,,,
130,filtered,,,,,
131,filtered,,,,,
132,filtered,,,,,
133,filtered,,,,,
134,filtered,,,,,
135,filtered,,,,,
136,filtered,,,,,
137,filtered,,,,,
138,filtered,,,,,
139,filtered,,,,,
140,filtered,,,,,
141,filtered,,,,,
142,filtered,,,,,
143,filtered,,,,,
144,filtered,,,,,
145,filtered,,,,,
146,filtered,,,,,
147,filtered,,,,,
148,filtered,,,,,
149,filtered,,,,,
150,filtered,,,,,
151,filtered,,,,,
152,filtered,,,,,
153,filtered,,,,,
154,filtered,,,,,
155,filtered,,,,,
156,filtered,,,,,
157,filtered,,,,,
158,filtered,,,,,
159,filtered,,,,,
160,filtered,,,,,
161,filtered,,,,,
162,filtered,,,,,
163,filtered,,,,,
164,filtered,,,,,
165,filtered,,,,,
166,filtered,,,,,
167,filtered,,,,,
168,filtered,,,,,
169,filtered,,,,,
170,filtered,,,,,
171,filtered,,,,,
172,filtered,,,,,
173,filtered,,,,,
174,filtered,,,,,
175,filtered,,,,,
176,filtered,,,,,
177,filtered,,,,,
178,filtered,,,,,
179,filtered,,,,,
180,filtered,,,,,
181,filtered,,,,,
182,filtered,,,,,
183,filtered,,,,,
184,filtered,,,,,
185,filtered,,,,,
186,filtered,,,,,
187,filtered,,,,,
188,filtered,,,,,
189,filtered,,,,,
190,filtered,,,,,
191,filtered,,,,,
192,filtered,,,,,
193,filtered,,,,,
194,filtered,,,,,
195,filtered,,,,,
196,filtered,,,,,
197,filtered,,,,,
198,filtered,,,,,
199,filtered,,,,,
200,filtered,,,,,
201,filtered,,,,,
202,filtered,,,,,
203,filtered,,,,,
204,filtered,,,,,
205,filtered,,,,,
206,filtered,,,,,
207,filtered,,,,,
208,filtered,,,,,
209,filtered,,,,,
210,filtered,,,,,
211,filtered,,,,,
212,filtered,,,,,
213,filtered,,,,,
214,filtered,,,,,
215,filtered,,,,,
216,filtered,,,,,
217,filtered,,,,,
218,filtered,,,,,
219,filtered,,,,,
220,filtered,,,,,
221,filtered,,,,,
222,filtered,,,,,
223,filtered,,,,,
224,filtered,,,,,
225,filtered,,,,,
226,filtered,,,,,
227,filtered,,,,,
228,filtered,,,,,
229,filtered,,,,,
230,filtered,,,,,
231,filtered,,,,,
232,filtered,,,,,
233,filtered,,,,,
234,filtered,,,,,
235,filtered,,,,,
236,filtered,,,,,
237,filtered,,,,,
238,filtered,,,,,
239,filtered,,,,,
240,filtered,,,,,
241,filtered,,,,,
242,filtered,,,,,
243,filtered,,,,,
244,filtered,,,,,
245,filtered,,,,,
246,filtered,,,,,
247,filtered,,,,,
248,filtered,,,,,
249,filtered,,,,,
250,filtered,,,,,
251,filtered,,,,,
252,filtered,,,,,
253,filtered,,,,,
254,filtered,,,,,
255,filtered,,,,,
256,filtered,,,,,
257,filtered,,,,,
258,filtered,,,,,
259,filtered,,,,,
260,filtered,,,,,
261,filtered,,,,,
262,filtered,,,,,
263,filtered,,,,,
264,filtered,,,,,
265,filtered,,,,,
266,filtered,,,,,
267,filtered,,,,,
268,filtered,,,,,
269,filtered,,,,,
270,filtered,,,,,
271,filtered,,,,,
272,filtered,,,,,
273,filtered,,,,,
274,filtered,,,,,
275,filtered,,,,,
276,filtered,,,,,
277,filtered,,,,,
278,filtered,,,,,
279,filtered,,,,,
280,filtered,,,,,
281,filtered,,,,,
282,filtered,,,,,
283,filtered,,,,,
284,filtered,,,,,
285,filtered,,,,,
286,filtered,,,,,
287,filtered,,,,,
288,filtered,,,,,
289,filtered,,,,,
290,filtered,,,,,
291,filtered,,,,,
292,filtered,,,,,
293,filtered,,,,,
294,filtered,,,,,
295,filtered,,,,,
296,filtered,,,,,
297,filtered,,,,,
298,filtered,,,,,
299,filtered,,,,,
300,filtered,,,,,
301,filtered,,,,,
302,filtered,,,,,
303,filtered,,,,,
304,filtered,,,,,
305,filtered,,,,,
306,filtered,,,,,
307,filtered,,,,,
308,filtered,,,,,
309,filtered,,,,,
310,filtered,,,,,
311,filtered,,,,,
312,filtered,,,,,
313,filtered,,,,,
314,filtered,,,,,
315,filtered,,,,,
316,filtered,,,,,
317,filtered,,,,,
318,filtered,,,,,
319,filtered,,,,,
320,filtered,,,,,
321,filtered,,,,,
322,filtered,,,,,
323,filtered,,,,,
324,filtered,,,,,
325,filtered,,,,,
326,filtered,,,,,
327,filtered,,,,,
328,filtered,,,,,
329,filtered,,,,,
330,filtered,,,,,
331,filtered,,,,,
332,filtered,,,,,
333,filtered,,,,,
334,filtered,,,,,
335,filtered,,,,,
336,filtered,,,,,
337,filtered,,,,,
338,filtered,,,,,
339,filtered,,,,,
340,filtered,,,,,
341,filtered,,,,,
342,filtered,,,,,
343,filtered,,,,,
344,filtered,,,,,
345,filtered,,,,,
346,filtered,,,,,
347,filtered,,,,,
348,filtered,,,,,
349,filtered,,,,,
350,filtered,,,,,
351,filtered,,,,,
352,filtered,,,,,
353,filtered,,,,,
354,filtered,,,,,
355,filtered,,,,,
356,filtered,,,,,
357,filtered,,,,,
358,filtered,,,,,
359,filtered,,,,,
360,filtered,,,,,
361,filtered,,,,,
362,filtered,,,,,
363,filtered,,,,,
364,filtered,,,,,
365,filtered,,,,,
366,filtered,,,,,
367,filtered,,,,,
368,filtered,,,,,
369,filtered,,,,,
370,filtered,,,,,
371,filtered,,,,,
372,filtered,,,,,
373,filtered,,,,,
374,filtered,,,,,
375,filtered,,,,,
376,filtered,,,,,
377,filtered,,,,,
378,filtered,,,,,
379,filtered,,,,,
380,filtered,,,,,
381,filtered,,,,,
382,filtered,,,,,
383,filtered,,,,,
384,filtered,,,,,
385,filtered,,,,,
386,filtered,,,,,
387,filtered,,,,,
388,filtered,,,,,
389,filtered,,,,,
390,filtered,,,,,
391,filtered,,,,,
392,filtered,,,,,
393,filtered,,,,,
394,filtered,,,,,
395,filtered,,,,,
396,filtered,,,,,
397,filtered,,,,,
398,filtered,,,,,
399,filtered,,,,,
400,filtered,,,,,
401,filtered,,,,,
402,filtered,,,,,
403,filtered,,,,,
404,filtered,,,,,
405,filtered,,,,,
406,filtered,,,,,
407,filtered,,,,,
408,filtered,,,,,
409,filtered,,,,,
410,filtered,,,,,
411,filtered,,,,,
412,filtered,,,,,
413,filtered,,,,,
414,filtered,,,,,
415,filtered,,,,,
416,filtered,,,,,
417,filtered,,,,,
418,filtered,,,,,
419,filtered,,,,,
420,filtered,,,,,
421,filtered,,,,,
422,filtered,,,,,
423,filtered,,,,,
424,filtered,,,,,
425,filtered,,,,,
426,filtered,,,,,
427,filtered,,,,,
428,filtered,,,,,
429,filtered,,,,,
430,filtered,,,,,
431,filtered,,,,,
432,filtered,,,,,
433,filtered,,,,,
434,filtered,,,,,
435,filtered,,,,,
436,filtered,,,,,
437,filtered,,,,,
438,filtered,,,,,
439,filtered,,,,,
440,filtered,,,,,
441,filtered,,,,,
442,filtered,,,,,
443,filtered,,,,,
444,filtered,,,,,
445,filtered,,,,,
446,filtered,,,,,
447,filtered,,,,,
448,filtered,,,,,
449,filtered,,,,,
450,filtered,,,,,
451,filtered,,,,,
452,filtered,,,,,
453,filtered,,,,,
454,filtered,,,,,
455,filtered,,,,,
456,filtered,,,,,
457,filtered,,,,,
458,filtered,,,,,
459,filtered,,,,,
460,filtered,,,,,
461,filtered,,,,,
462,filtered,,,,,
463,filtered,,,,,
464,filtered,,,,,
465,filtered,,,,,
466,filtered,,,,,
467,filtered,,,,,
468,filtered,,,,,
469,filtered,,,,,
470,filtered,,,,,
471,filtered,,,,,
472,filtered,,,,,
473,filtered,,,,,
474,filtered,,,,,
475,filtered,,,,,
476,filtered,,,,,
477,filtered,,,,,
478,filtered,,,,,
479,filtered,,,,,
480,filtered,,,,,
481,filtered,,,,,
482,filtered,,,,,
483,filtered,,,,,
484,filtered,,,,,
485,filtered,,,,,
486,filtered,,,,,
487,filtered,,,,,
488,filtered,,,,,
489,filtered,,,,,
490,filtered,,,,,
491,filtered,,,,,
492,filtered,,,,,
493,filtered,,,,,
494,filtered,,,,,
495,filtered,,,,,
496,filtered,,,,,
497,filtered,,,,,
498,filtered,,,,,
499,filtered,,,,,
500,filtered,,,,,
501,filtered,,,,,
502,filtered,,,,,
503,filtered,,,,,
504,filtered,,,,,
505,filtered,,,,,
506,filtered,,,,,
507,filtered,,,,,
508,filtered,,,,,
509,filtered,,,,,
510,filtered,,,,,
511,filtered,,,,,
512,filtered,,,,,
513,filtered,,,,,
514,filtered,,,,,
515,filtered,,,,,
516,filtered,,,,,
517,filtered,,,,,
518,filtered,,,,,
519,filtered,,,,,
520,filtered,,,,,
521,filtered,,,,,
522,filtered,,,,,
523,filtered,,,,,
524,filtered,,,,,
525,filtered,,,,,
526,filtered,,,,,
527,filtered,,,,,
528,filtered,,,,,
529,filtered,,,,,
530,filtered,,,,,
531,filtered,,,,,
532,filtered,,,,,
533,filtered,,,,,
534,filtered,,,,,
535,filtered,,,,,
536,filtered,,,,,
537,filtered,,,,,
538,filtered,,,,,
539,filtered,,,,,
540,filtered,,,,,
541,filtered,,,,,
542,filtered,,,,,
543,filtered,,,,,
544,filtered,,,,,
545,filtered,,,,,
546,filtered,,,,,
547,filtered,,,,,
548,filtered,,,,,
549,filtered,,,,,
550,filtered,,,,,
551,filtered,,,,,
552,filtered,,,,,
553,filtered,,,,,
554,filtered,,,,,
555,filtered,,,,,
556,filtered,,,,,
557,filtered,,,,,
558,filtered,,,,,
559,filtered,,,,,
560,filtered,,,,,
561,filtered,,,,,
562,filtered,,,,,
563,filtered,,,,,
564,filtered,,,,,
565,filtered,,,,,
566,filtered,,,,,
567,filtered,,,,,
568,filtered,,,,,
569,filtered,,,,,
570,filtered,,,,,
571,filtered,,,,,
572,filtered,,,,,
573,filtered,,,,,
574,filtered,,,,,
575,filtered,,,,,
576,filtered,,,,,
577,filtered,,,,,
578,filtered,,,,,
579,filtered,,,,,
580,filtered,,,,,
581,filtered,,,,,
582,filtered,,,,,
583,filtered,,,,,
584,filtered,,,,,
585,filtered,,,,,
586,filtered,,,,,
587,filtered,,,,,
588,filtered,,,,,
589,filtered,,,,,
590,filtered,,,,,
591,filtered,,,,,
592,filtered,,,,,
593,filtered,,,,,
594,filtered,,,,,
595,filtered,,,,,
596,filtered,,,,,
597,filtered,,,,,
598,filtered,,,,,
599,filtered,,,,,
600,filtered,,,,,
601,filtered,,,,,
602,filtered,,,,,
603,filtered,,,,,
604,filtered,,,,,
605,filtered,,,,,
606,filtered,,,,,
607,filtered,,,,,
608,filtered,,,,,
609,filtered,,,,,
610,filtered,,,,,
611,filtered,,,,,
612,filtered,,,,,
613,filtered,,,,,
614,filtered,,,,,
615,filtered,,,,,
616,filtered,,,,,
617,filtered,,,,,
618,filtered,,,,,
619,filtered,,,,,
620,filtered,,,,,
621,filtered,,,,,
622,filtered,,,,,
623,filtered,,,,,
624,filtered,,,,,
625,filtered,,,,,
626,filtered,,,,,
627,filtered,,,,,
628,filtered,,,,,
629,filtered,,,,,
630,filtered,,,,,
631,filtered,,,,,
632,filtered,,,,,
633,filtered,,,,,
634,filtered,,,,,
635,filtered,,,,,
636,filtered,,,,,
637,filtered,,,,,
638,filtered,,,,,
639,filtered,,,,,
640,filtered,,,,,
641,filtered,,,,,
642,filtered,,,,,
643,filtered,,,,,
644,filtered,,,,,
645,filtered,,,,,
646,filtered,,,,,
647,filtered,,,,,
648,filtered,,,,,
649,filtered,,,,,
650,filtered,,,,,
651,filtered,,,,,
652,filtered,,,,,
653,filtered,,,,,
654,filtered,,,,,
655,filtered,,,,,
656,filtered,,,,,
657,filtered,,,,,
658,filtered,,,,,
659,filtered,,,,,
660,filtered,,,,,
661,filtered,,,,,
662,filtered,,,,,
663,filtered,,,,,
664,filtered,,,,,
665,filtered,,,,,
666,filtered,,,,,
667,filtered,,,,,
668,filtered,,,,,
669,filtered,,,,,
670,filtered,,,,,
671,filtered,,,,,
672,filtered,,,,,
673,filtered,,,,,
674,filtered,,,,,
675,filtered,,,,,
676,filtered,,,,,
677,filtered,,,,,
678,filtered,,,,,
679,filtered,,,,,
680,filtered,,,,,
681,filtered,,,,,
682,filtered,,,,,
683,filtered,,,,,
684,filtered,,,,,
685,filtered,,,,,
686,filtered,,,,,
687,filtered,,,,,
688,filtered,,,,,
689,filtered,,,,,
690,filtered,,,,,
691,filtered,,,,,
692,filtered,,,,,
693,filtered,,,,,
694,filtered,,,,,
695,filtered,,,,,
696,filtered,,,,,
697,filtered,,,,,
698,filtered,,,,,
699,filtered,,,,,
700,filtered,,,,,
701,filtered,,,,,
702,filtered,,,,,
703,filtered,,,,,
704,filtered,,,,,
705,filtered,,,,,
706,filtered,,,,,
707,filtered,,,,,
708,filtered,,,,,
709,filtered,,,,,
710,filtered,,,,,
711,filtered,,,,,
712,filtered,,,,,
713,filtered,,,,,
714,filtered,,,,,
715,filtered,,,,,
716,filtered,,,,,
717,filtered,,,,,
718,filtered,,,,,
719,filtered,,,,,
720,filtered,,,,,
721,filtered,,,,,
722,filtered,,,,,
723,filtered,,,,,
724,filtered,,,,,
725,filtered,,,,,
726,filtered,,,,,
727,filtered,,,,,
728,filtered,,,,,
729,filtered,,,,,
730,filtered,,,,,
731,filtered,,,,,
732,filtered,,,,,
733,filtered,,,,,
734,filtered,,,,,
735,filtered,,,,,
736,filtered,,,,,
737,filtered,,,,,
738,filtered,,,,,
739,filtered,,,,,
740,filtered,,,,,
741,filtered,,,,,
742,filtered,,,,,
743,filtered,,,,,
744,filtered,,,,,
745,filtered,,,,,
746,filtered,,,,,
747,filtered,,,,,
748,filtered,,,,,
749,filtered,,,,,
750,filtered,,,,,
751,filtered,,,,,
752,filtered,,,,,
753,filtered,,,,,
754,filtered,,,,,
755,filtered,,,,,
756,filtered,,,,,
757,filtered,,,,,
758,filtered,,,,,
759,filtered,,,,,
760,filtered,,,,,
761,filtered,,,,,
762,filtered,,,,,
763,filtered,,,,,
764,filtered,,,,,
765,filtered,,,,,
766,filtered,,,,,
767,filtered,,,,,
768,filtered,,,,,
769,filtered,,,,,
770,filtered,,,,,
771,filtered,,,,,
772,filtered,,,,,
773,filtered,,,,,
774,filtered,,,,,
775,filtered,,,,,
776,filtered,,,,,
777,filtered,,,,,
778,filtered,,,,,
779,filtered,,,,,
780,filtered,,,,,
781,filtered,,,,,
782,filtered,,,,,
783,filtered,,,,,
784,filtered,,,,,
785,filtered,,,,,
786,filtered,,,,,
787,filtered,,,,,
788,filtered,,,,,
789,filtered,,,,,
790,filtered,,,,,
791,filtered,,,,,
792,filtered,,,,,
793,filtered,,,,,
794,filtered,,,,,
795,filtered,,,,,
796,filtered,,,,,
797,filtered,,,,,
798,filtered,,,,,
799,filtered,,,,,
800,filtered,,,,,
801,filtered,,,,,
802,filtered,,,,,
803,filtered,,,,,
804,filtered,,,,,
805,filtered,,,,,
806,filtered,,,,,
807,filtered,,,,,
808,filtered,,,,,
809,filtered,,,,,
810,filtered,,,,,
811,filtered,,,,,
812,filtered,,,,,
813,filtered,,,,,
814,filtered,,,,,
815,filtered,,,,,
816,filtered,,,,,
817,filtered,,,,,
818,filtered,,,,,
819,filtered,,,,,
820,filtered,,,,,
821,filtered,,,,,
822,filtered,,,,,
823,filtered,,,,,
824,filtered,,,,,
825,filtered,,,,,
826,filtered,,,,,
827,filtered,,,,,
828,filtered,,,,,
829,filtered,,,,,
830,filtered,,,,,
831,filtered,,,,,
832,filtered,,,,,
833,filtered,,,,,
834,filtered,,,,,
835,filtered,,,,,
836,filtered,,,,,
837,filtered,,,,,
838,filtered,,,,,
839,filtered,,,,,
840,filtered,,,,,
841,filtered,,,,,
842,filtered,,,,,
843,filtered,,,,,
844,filtered,,,,,
845,filtered,,,,,
846,filtered,,,,,
847,filtered,,,,,
848,filtered,,,,,
849,filtered,,,,,
850,filtered,,,,,
851,filtered,,,,,
852,filtered,,,,,
853,filtered,,,,,
854,filtered,,,,,
855,filtered,,,,,
856,filtered,,,,,
857,filtered,,,,,
858,filtered,,,,,
859,filtered,,,,,
860,filtered,,,,,
861,filtered,,,,,
862,filtered,,,,,
863,filtered,,,,,
864,filtered,,,,,
865,filtered,,,,,
866,filtered,,,,,
867,filtered,,,,,
868,filtered,,,,,
869,filtered,,,,,
870,filtered,,,,,
871,filtered,,,,,
872,filtered,,,,,
873,filtered,,,,,
874,filtered,,,,,
875,filtered,,,,,
876,filtered,,,,,
877,filtered,,,,,
878,filtered,,,,,
879,filtered,,,,,
880,filtered,,,,,
881,filtered,,,,,
882,filtered,,,,,
883,filtered,,,,,
884,filtered,,,,,
885,filtered,,,,,
886,filtered,,,,,
887,filtered,,,,,
888,filtered,,,,,
889,filtered,,,,,
890,filtered,,,,,
891,filtered,,,,,
892,filtered,,,,,
893,filtered,,,,,
894,filtered,,,,,
895,filtered,,,,,
896,filtered,,,,,
897,filtered,,,,,
898,filtered,,,,,
899,filtered,,,,,
900,filtered,,,,,
901,filtered,,,,,
902,filtered,,,,,
903,filtered,,,,,
904,filtered,,,,,
905,filtered,,,,,
906,filtered,,,,,
907,filtered,,,,,
908,filtered,,,,,
909,filtered,,,,,
910,filtered,,,,,
911,filtered,,,,,
912,filtered,,,,,
913,filtered,,,,,
914,filtered,,,,,
915,filtered,,,,,
916,filtered,,,,,
917,filtered,,,,,
918,filtered,,,,,
919,filtered,,,,,
920,filtered,,,,,
921,filtered,,,,,
922,filtered,,,,,
923,filtered,,,,,
924,filtered,,,,,
925,filtered,,,,,
926,filtered,,,,,
927,filtered,,,,,
928,filtered,,,,,
929,filtered,,,,,
930,filtered,,,,,
931,filtered,,,,,
932,filtered,,,,,
933,filtered,,,,,
934,filtered,,,,,
935,filtered,,,,,
936,filtered,,,,,
937,filtered,,,,,
938,filtered,,,,,
939,filtered,,,,,
940,filtered,,,,,
941,filtered,,,,,
942,filtered,,,,,
943,filtered,,,,,
944,filtered,,,,,
945,filtered,,,,,
946,filtered,,,,,
947,filtered,,,,,
948,filtered,,,,,
949,filtered,,,,,
950,filtered,,,,,
951,filtered,,,,,
952,filtered,,,,,
953,filtered,,,,,
954,filtered,,,,,
955,filtered,,,,,
956,filtered,,,,,
957,filtered,,,,,
958,filtered,,,,,
959,filtered,,,,,
960,filtered,,,,,
961,filtered,,,,,
962,filtered,,,,,
963,filtered,,,,,
964,filtered,,,,,
965,filtered,,,,,
966,filtered,,,,,
967,filtered,,,,,
968,filtered,,,,,
969,filtered,,,,,
970,filtered,,,,,
971,filtered,,,,,
972,filtered,,,,,
973,filtered,,,,,
974,filtered,,,,,
975,filtered,,,,,
976,filtered,,,,,
977,filtered,,,,,
978,filtered,,,,,
979,filtered,,,,,
980,filtered,,,,,
981,filtered,,,,,
982,filtered,,,,,
983,filtered,,,,,
984,filtered,,,,,
985,filtered,,,,,
986,filtered,,,,,
987,filtered,,,,,
988,filtered,,,,,
989,filtered,,,,,
990,filtered,,,,,
991,filtered,,,,,
992,filtered,,,,,
993,filtered,,,,,
994,filtered,,,,,
995,filtered,,,,,
996,filtered,,,,,
997,filtered,,,,,
998,filtered,,,,,
999,filtered,,,,,
1000,filtered,,,,,
1001,filtered,,,,,
1002,filtered,,,,,
1003,filtered,,,,,
1004,filtered,,,,,
1005,filtered,,,,,
1006,filtered,,,,,
1007,filtered,,,,,
1008,filtered,,,,,
1009,filtered,,,,,
1010,filtered,,,,,
1011,filtered,,,,,
1012,filtered,,,,,
1013,filtered,,,,,
1014,filtered,,,,,
1015,filtered,,,,,
1016,filtered,,,,,
1017,filtered,,,,,
1018,filtered,,,,,
1019,filtered,,,,,
1020,filtered,,,,,
1021,filtered,,,,,
1022,filtered,,,,,
1023,filtered,,,,,
1024,filtered,,,,,
